{"cameraMode":{"drawMode":0,"name":"Shaded","section":"Shading Mode"},"sceneLighting":false,"audioPlay":false,"sceneViewState":{"showFog":true,"showMaterialUpdate":false,"showSkybox":true,"showFlares":true,"showImageEffects":true,"showParticleSystems":true},"in2DMode":false,"pivot":{"x":147.69908142089845,"y":-35.493377685546878,"z":-5.158411026000977},"rotation":{"x":0.08600596338510513,"y":0.7015403509140015,"z":-0.08585098385810852,"w":0.7023443579673767},"size":81.1253890991211,"orthographic":false}